date,product_name,category,forecast,method,rank
2025-01-01,kursi kerja dp 301 tb,Stacking Series,184.15694951096208,SES,1
2025-01-01,kursi kerja dp 301,Stacking Series,180.1157074952565,SES,2
2025-01-01,kursi kerja br 205 ha,Secretary Series,155.0,SES,3
2025-01-01,kursi kerja dp 308,Stacking Series,104.00103968017413,SES,4
2025-01-01,kursi br 211 ca mesh,Secretary Series,81.0,SES,5
2025-02-01,kursi kerja dp 301 tb,Stacking Series,184.15694951096208,SES,1
2025-02-01,kursi kerja br 205 ha,Secretary Series,155.0,SES,2
2025-02-01,kursi kerja dp 308,Stacking Series,104.00103968017413,SES,3
2025-02-01,kursi auditorium ll 520 tb,Auditorium Series,100.2711925090907,SES,4
2025-02-01,kursi br 211 ca mesh,Secretary Series,81.0,SES,5
2025-03-01,kursi auditorium ll 520 tb,Auditorium Series,261.93928050230295,SES,1
2025-03-01,kursi kerja dp 301 tb,Stacking Series,184.15694951096208,SES,2
2025-03-01,kursi kerja br 205 ha,Secretary Series,155.0,SES,3
2025-03-01,kursi kerja dp 308,Stacking Series,104.00103968017413,SES,4
2025-03-01,kursi br 211 ca mesh,Secretary Series,81.0,SES,5
2025-04-01,kursi kerja dp 301 tb,Stacking Series,184.15694951096208,SES,1
2025-04-01,kursi kerja br 205 ha,Secretary Series,155.0,SES,2
2025-04-01,kursi auditorium ll 520,Auditorium Series,121.80236564799402,SES,3
2025-04-01,kursi kerja dp 308,Stacking Series,104.00103968017413,SES,4
2025-04-01,kursi br 211 ca mesh,Secretary Series,81.0,SES,5
2025-05-01,kursi kerja dp 301 tb,Stacking Series,184.15694951096208,SES,1
2025-05-01,kursi auditorium ll 516 tb,Auditorium Series,155.66544186758028,SES,2
2025-05-01,kursi kerja br 205 ha,Secretary Series,155.0,SES,3
2025-05-01,kursi auditorium ll 520 tb,Auditorium Series,110.34961652929813,SES,4
2025-05-01,kursi kerja dp 308,Stacking Series,104.00103968017413,SES,5
2025-06-01,kursi kerja dp 301 tb,Stacking Series,184.15694951096208,SES,1
2025-06-01,kursi kerja br 205 ha,Secretary Series,155.0,SES,2
2025-06-01,kursi auditorium ll 520 tb,Auditorium Series,141.13985458269235,SES,3
2025-06-01,kursi kerja dp 308,Stacking Series,104.00103968017413,SES,4
2025-06-01,kursi auditorium ll 516 tb,Auditorium Series,90.65447972072633,SES,5
2025-07-01,kursi kerja dp 301 tb,Stacking Series,184.15694951096208,SES,1
2025-07-01,kursi kerja br 205 ha,Secretary Series,155.0,SES,2
2025-07-01,kursi auditorium ll 516 tb,Auditorium Series,119.14758703560622,SES,3
2025-07-01,kursi kerja dp 308,Stacking Series,104.00103968017413,SES,4
2025-07-01,kursi br 211 ca mesh,Secretary Series,81.0,SES,5
2025-08-01,kursi kerja dp 301 tb,Stacking Series,184.15694951096208,SES,1
2025-08-01,kursi auditorium ll 516 tb,Auditorium Series,155.96120799291086,SES,2
2025-08-01,kursi kerja br 205 ha,Secretary Series,155.0,SES,3
2025-08-01,kursi auditorium ll 520 tb,Auditorium Series,131.05071229570234,SES,4
2025-08-01,kursi kerja dp 308,Stacking Series,104.00103968017413,SES,5
2025-09-01,kursi kerja dp 301 tb,Stacking Series,184.15694951096208,SES,1
2025-09-01,kursi kerja br 205 ha,Secretary Series,155.0,SES,2
2025-09-01,kursi kerja dp 308,Stacking Series,104.00103968017413,SES,3
2025-09-01,kursi kerja dp 301,Stacking Series,82.34444650274472,SES,4
2025-09-01,kursi br 211 ca mesh,Secretary Series,81.0,SES,5
2025-10-01,kursi kerja dp 301 tb,Stacking Series,184.15694951096208,SES,1
2025-10-01,kursi kerja br 205 ha,Secretary Series,155.0,SES,2
2025-10-01,kursi kerja dp 308,Stacking Series,104.00103968017413,SES,3
2025-10-01,kursi br 211 ca mesh,Secretary Series,81.0,SES,4
2025-10-01,kursi auditorium ll 517 tb,Auditorium Series,80.0,SES,5
2025-11-01,kursi kerja dp 301 tb,Stacking Series,184.15694951096208,SES,1
2025-11-01,kursi kerja br 205 ha,Secretary Series,155.0,SES,2
2025-11-01,kursi auditorium ll 520 tb,Auditorium Series,138.75092053497391,SES,3
2025-11-01,kursi kerja dp 308,Stacking Series,104.00103968017413,SES,4
2025-11-01,kursi auditorium ll 520,Auditorium Series,89.05894345819215,SES,5
2025-12-01,kursi kerja dp 301 tb,Stacking Series,184.15694951096208,SES,1
2025-12-01,kursi kerja br 205 ha,Secretary Series,155.0,SES,2
2025-12-01,kursi auditorium ll 520 tb,Auditorium Series,149.9249622973732,SES,3
2025-12-01,kursi kerja dp 308,Stacking Series,104.00103968017413,SES,4
2025-12-01,kursi br 211 ca mesh,Secretary Series,81.0,SES,5
2026-01-01,kursi kerja dp 301 tb,Stacking Series,184.15694951096208,SES,1
2026-01-01,kursi kerja dp 301,Stacking Series,180.0219551847474,SES,2
2026-01-01,kursi kerja br 205 ha,Secretary Series,155.0,SES,3
2026-01-01,kursi kerja dp 308,Stacking Series,104.00103968017413,SES,4
2026-01-01,kursi br 211 ca mesh,Secretary Series,81.0,SES,5
2026-02-01,kursi kerja dp 301 tb,Stacking Series,184.15694951096208,SES,1
2026-02-01,kursi kerja br 205 ha,Secretary Series,155.0,SES,2
2026-02-01,kursi auditorium ll 520 tb,Auditorium Series,128.1405945097143,SES,3
2026-02-01,kursi kerja dp 308,Stacking Series,104.00103968017413,SES,4
2026-02-01,kursi br 211 ca mesh,Secretary Series,81.0,SES,5
2026-03-01,kursi auditorium ll 520 tb,Auditorium Series,289.66933549292344,SES,1
2026-03-01,kursi kerja dp 301 tb,Stacking Series,184.15694951096208,SES,2
2026-03-01,kursi kerja br 205 ha,Secretary Series,155.0,SES,3
2026-03-01,kursi kerja dp 308,Stacking Series,104.00103968017413,SES,4
2026-03-01,kursi br 211 ca mesh,Secretary Series,81.0,SES,5
2026-04-01,kursi kerja dp 301 tb,Stacking Series,184.15694951096208,SES,1
2026-04-01,kursi kerja br 205 ha,Secretary Series,155.0,SES,2
2026-04-01,kursi auditorium ll 520,Auditorium Series,121.73413542563918,SES,3
2026-04-01,kursi kerja dp 308,Stacking Series,104.00103968017413,SES,4
2026-04-01,kursi auditorium ll 516 tb,Auditorium Series,82.92785561473936,SES,5
2026-05-01,kursi kerja dp 301 tb,Stacking Series,184.15694951096208,SES,1
2026-05-01,kursi auditorium ll 516 tb,Auditorium Series,165.90118761477646,SES,2
2026-05-01,kursi kerja br 205 ha,Secretary Series,155.0,SES,3
2026-05-01,kursi auditorium ll 520 tb,Auditorium Series,137.8030642213872,SES,4
2026-05-01,kursi kerja dp 308,Stacking Series,104.00103968017413,SES,5
2026-06-01,kursi kerja dp 301 tb,Stacking Series,184.15694951096208,SES,1
2026-06-01,kursi auditorium ll 520 tb,Auditorium Series,168.45603503632094,SES,2
2026-06-01,kursi kerja br 205 ha,Secretary Series,155.0,SES,3
2026-06-01,kursi kerja dp 308,Stacking Series,104.00103968017413,SES,4
2026-06-01,kursi auditorium ll 516 tb,Auditorium Series,100.66652627318032,SES,5
2026-07-01,kursi kerja dp 301 tb,Stacking Series,184.15694951096208,SES,1
2026-07-01,kursi kerja br 205 ha,Secretary Series,155.0,SES,2
2026-07-01,kursi auditorium ll 516 tb,Auditorium Series,128.94082327303082,SES,3
2026-07-01,kursi kerja dp 308,Stacking Series,104.00103968017413,SES,4
2026-07-01,kursi auditorium ll 520 tb,Auditorium Series,98.49196382865063,SES,5
2026-08-01,kursi kerja dp 301 tb,Stacking Series,184.15694951096208,SES,1
2026-08-01,kursi auditorium ll 516 tb,Auditorium Series,165.54041594999916,SES,2
2026-08-01,kursi auditorium ll 520 tb,Auditorium Series,158.09441384930597,SES,3
2026-08-01,kursi kerja br 205 ha,Secretary Series,155.0,SES,4
2026-08-01,kursi kerja dp 308,Stacking Series,104.00103968017413,SES,5
2026-09-01,kursi kerja dp 301 tb,Stacking Series,184.15694951096208,SES,1
2026-09-01,kursi kerja br 205 ha,Secretary Series,155.0,SES,2
2026-09-01,kursi kerja dp 308,Stacking Series,104.00103968017413,SES,3
2026-09-01,kursi kerja dp 301,Stacking Series,82.32871747510562,SES,4
2026-09-01,kursi br 211 ca mesh,Secretary Series,81.0,SES,5
2026-10-01,kursi kerja dp 301 tb,Stacking Series,184.15694951096208,SES,1
2026-10-01,kursi kerja br 205 ha,Secretary Series,155.0,SES,2
2026-10-01,kursi kerja dp 308,Stacking Series,104.00103968017413,SES,3
2026-10-01,kursi auditorium ll 520 tb,Auditorium Series,98.72862065127278,SES,4
2026-10-01,kursi br 211 ca mesh,Secretary Series,81.0,SES,5
2026-11-01,kursi kerja dp 301 tb,Stacking Series,184.15694951096208,SES,1
2026-11-01,kursi auditorium ll 520 tb,Auditorium Series,165.39099146242734,SES,2
2026-11-01,kursi kerja br 205 ha,Secretary Series,155.0,SES,3
2026-11-01,kursi kerja dp 308,Stacking Series,104.00103968017413,SES,4
2026-11-01,kursi auditorium ll 520,Auditorium Series,89.04463454346497,SES,5
2026-12-01,kursi kerja dp 301 tb,Stacking Series,184.15694951096208,SES,1
2026-12-01,kursi auditorium ll 520 tb,Auditorium Series,176.43183287018937,SES,2
2026-12-01,kursi kerja br 205 ha,Secretary Series,155.0,SES,3
2026-12-01,kursi kerja dp 308,Stacking Series,104.00103968017413,SES,4
2026-12-01,kursi br 211 ca mesh,Secretary Series,81.0,SES,5
